spell_id,name_zh,name_en,pdf_pages,provider,needs_review
spl_01M2SPSHCCJEEM0CPVRK3PCEAH,榮耀之冠,Crown Of Glory,382,google-api,true
spl_01M2SPSHGXZDW641WXSCKFD32S,幻影之景,Shadow Landscape,920-921,google-api,true
spl_01M2SPSHGYSG431EKSFYVB39GX,陰影面具,SHADOW MASK,922,google-api,true
spl_01M2SPSHGYHYAJR5ZWK8CKV6DM,暗影相位,Shadow Phase,921-922,google-api,true
spl_01M2SPSHGYCTD3QXG909CX0CWS,陰影輝光,SHADOW RADIANCE,922-923,google-api,true
spl_01M2SPSHGYEQH9V1ZHN0FXB7F8,陰影之井,SHADOW WELL,924,google-api,true
spl_01M2SPSHGYNMJE78ZHKACVK9GZ,陰影爆破,SHADOWBLAST,924-925,google-api,true
spl_01M2SPSHGYF99N5H176C42Y5XW,陰影消退,SHADOWFADE,925,google-api,true
spl_01M2SPSHGZZWG9TC6KY91W1VTN,陰影擒抱者,SHADOWY GRAPPLER,925-926,google-api,true
spl_01M2SPSHGZBNN3BF01070MDYYN,碎片風暴,SHARD STORM,927,google-api,true
spl_01M2SPSHGZ15FB1TGDC9K6T2XE,共享軀殼,SHARE HUSK,927-928,google-api,true
spl_01M2SPSHGZNKF7K4RH9RC88KSJ,銳齒術,SHARPTOOTH,928-929,google-api,true
spl_01M2SPSHH0F4TJ7Q12JDCGMXS2,碎地術,SHATTERFLOOR,929,google-api,true
spl_01M2SPSHH06KXGS1AB5ZNX8M6P,結界之盾,Shield Of Warding,932,google-api,true
spl_01M2SPSHH09VT9S1M7DQ3X9YQN,持盾者,SHIELDBEARER,932-933,google-api,true
spl_01M2SPSHH0N1PN09P255SXZM0W,易位路徑,SHIFTING PATHS,933-934,google-api,true
spl_01M2SPSHH1Q3C3CYZ9S57S4RK6,火焰罩衣,SHROUD OF FLAME,936,google-api,true
spl_01M2SPSHH1MFFTTNE3JTP3SFSG,不死罩衣,SHROUD OF UNDEATH,936-937,google-api,true
spl_01M2SPSHH1176157159KQRZTZK,徵兆術,SIGN,937,google-api,true
spl_01M2SPSHH2Z8NZV8Z84SKZ5QG0,寂靜門扉,SILENT PORTAL,939,google-api,true
spl_01M2SPSHH2JSKZE70XY8EQX68P,銀鬚術,SILVERBEARD,939-940,google-api,true
spl_01M2SPSHH2K71GZC8XCBHAMCNX,沉陷術,SINK,941,google-api,true
spl_01M2SPSHH3NW0R9BTWXB7Q6VND,骸骨守衛,SKELETAL GUARD,943-944,google-api,true
spl_01M2SPSHH3EXKXR3AVJF6G49DA,骷髏警戒,SKULL WATCH,944,google-api,true
spl_01M2SPSHH3JNF1Y516MWF7895Q,掌摑之手,SLAPPING HAND,945-946,google-api,true
spl_01M2SPSHH35FEWTQEC86PAZT3N,斬裂黑暗,SLASHING DARKNESS,946,google-web,true
spl_01M2SPSHH4XM4JSY8SJHQW0S9K,滑移術,SLIDE,948,google-web,true
spl_01M2SPSHH4J774E4TVAJY18X03,高等滑移術,"SLIDE, GREATER",948,google-web,true
spl_01M2SPSHH4HCH8HPV03S3Z7XEA,黏液浪潮,SLIME WAVE,948-949,google-web,true
spl_01M2SPSHH4KQKQ3G0A4GQBNTJT,緩燃術,SLOW BURN,950,google-web,true
spl_01M2SPSHH45E9F3EKPM2FETXQ3,恐懼氣味,SMELL OF FEAR,950-951,google-web,true
spl_01M2SPSHH5Q7VQKPTRMDN8TJJF,蛇咬術,SNAKEBITE,953-954,google-web,true
spl_01M2SPSHH5MQ3SFVWC2BC2HPVZ,蛇之迅捷,SNAKE’S SWIFTNESS,953,google-web,true
spl_01M2SPSHH55C4EJ3J1ZWM35DVX,群體蛇之迅捷,"SNAKE’S SWIFTNESS,MASS",953,google-web,true
spl_01M2SPSHH5TMM4T5MCD8Q3KTHN,雪球群,SNOWBALL SWARM,955,google-web,true
spl_01M2SPSHH5BT5TRNGK925GV73A,雪鞋術,SNOWSHOES,955-956,google-web,true
spl_01M2SPSHH5DSN5MWCQR8R8VW7Y,群體雪鞋術,"SNOWSHOES, MASS",956,google-web,true
spl_01M2SPSHH6TCP7P6Z8BQWG0RDT,唯我論,SOLIPSISM,957,google-web,true
spl_01M2SPSHH6EZX2ZKB97BTTDTSM,音波爆破,SONIC BLAST,958,google-web,true
spl_01M2SPSHH6RVTY1KAHXYT0QA8B,音波轟鳴,SONIC RUMBLE,959,google-web,true
spl_01M2SPSHH64S3MQRTNCE27MXF8,音爆術,SONIC SNAP,959-960,google-web,true
spl_01M2SPSHH7735FKXC8GJPF8QMJ,音波長槍,SOUND LANCE,964,google-web,true
spl_01M2SPSHH9KK7F9YQRBASKJPQ0,高等法術矩陣,"SPELL MATRIX,GREATER",971-972,google-web,true
spl_01M2SPSHHAXBBN1ET8ESHW8N9C,蜘蛛詛咒,SPIDER CURSE,975-976,google-web,true
spl_01M2SPSHHBPTGNYBARB4V0PMEY,靈魂之顎,SPIRITJAWS,983-985,google-web,true
spl_01M2SPSHHFQFEMW353491N0B54,黏固馬鞍,STICKY SADDLE,994-995,google-web,true
spl_01M2SPSHHFHBKWBFZJ1ZTA569Q,竊息術,STOLEN BREATH,996-997,google-web,true
spl_01M2SPSHHFHT40FD6Y2MY64QCC,石軀術,STONE BODY,997,google-web,true
spl_01M2SPSHHF0M5S76F2VF1M6YFK,石骨術,STONE BONES,997,google-web,true
spl_01M2SPSHHGQYXF2SWRW8QEZKV4,石球術,STONE SPHERE,998-999,google-web,true
spl_01M2SPSHHGJ3YYXH9D5075Q2YZ,石蜘蛛,STONE SPIDERS,999,google-web,true
spl_01M2SPSHHGF17FPWGJYEQ5G79S,石牢術,STONEHOLD,1001,google-web,true
spl_01M2SPSHHG1YY7GHFP33N9DC2T,元素狂怒風暴,STORM OF ELEMENTAL FURY,1001-1002,google-web,true
spl_01M2SPSHHHM7HNEXKV6XPH4GST,風暴之塔,STORM TOWER,1004-1005,google-web,true
spl_01M2SPSHHJ3H0PJC39T0F313H1,震懾射線,STUN RAY,1007,google-web,true
spl_01M2SPSHHJAKXSD268BAZ8FRW5,震懾吐息,STUNNING BREATH,1007,google-web,true
spl_01M2SPSHHJHAYQ18PFJV0K6DRR,高等震懾吐息,"STUNNING BREATH,GREATER",1007-1008,google-web,true
spl_01M2SPSHHJSBYMEGYGB5QCT3KE,潛沒船隻,SUBMERGE SHIP,1009,google-web,true
spl_01M2SPSHHK10RDM7R1TNCNJRDW,突發石筍,SUDDEN STALAGMITE,1010,google-web,true
spl_01M2SPSHHKF30GKEBPDBARYN23,召喚巴布魔,SUMMON BABAU DEMON,1011-1012,google-web,true
spl_01M2SPSHHKK56V0B7FM8FQJSBJ,召喚鬚魔,SUMMON BEARDED DEVIL,1012,google-web,true
spl_01M2SPSHHK3VG0AYPQPXDCW9JR,召喚布拉尼愛剌天族,SUMMON BRALANI ELADRIN,1012,google-web,true
spl_01M2SPSHHKAGAWGMHY6HR4DFNH,召喚元素微粒群,SUMMON ELEMENTITE SWARM,1014,google-web,true
spl_01M2SPSHHM4TCFYZBBZKJWG0YW,召喚高等元素,SUMMON GREATER ELEMENTAL,1015,google-web,true
spl_01M2SPSHHM5XCX8XEBPGVY6CJ8,召喚犬首神使,SUMMON HOUND ARCHON,1016,google-web,true
spl_01M2SPSHHNFZXJ15Y9C63623CR,壓制刻文,SUPPRESS GLYPH,1020,google-web,true
spl_01M2SPSHHNDPDSK0XW9VESBFR1,穩固步伐,SUREFOOT,1021,google-web,true
spl_01M2SPSHHNQ59A6AQVXMH2W3KF,懸置沉默,SUSPENDED SILENCE,1022-1023,google-web,true
spl_01M2SPSHHPRYPP5GQTHZWK4FKB,沼肺術,SWAMP LUNG,1023,google-web,true
spl_01M2SPSHHPQYDZS38W3R2X3NP3,沼澤步行,SWAMP STRIDE,1023-1024,google-web,true
spl_01M2SPSHHQF1WBJCRXN8VGJ2J8,法術失落徽記,SYMBOL OF SPELL LOSS,1028-1029,google-web,true
